{"Document A": {"words": ["liberal", "ones", "solution", "position", "progressive", "center"], "values": [1.208513855305614, 0.636647135255376, 0.636647135255376, 0.24816330799414105, 0.24816330799414105, 0.20851385530561406]}, "Document B": {"words": ["center", "ones", "solution", "position", "progressive", "liberal"], "values": [1.208513855305614, 0.636647135255376, 0.636647135255376, 0.24816330799414105, 0.24816330799414105, 0.20851385530561406]}, "Document C": {"words": ["position", "progressive", "solution", "ones", "center", "liberal"], "values": [1.2392023539955106, 1.2392023539955106, 0.6276861812567451, 0.6276861812567451, 0.19955290130698336, 0.19955290130698336]}}
